<?xml version="1.0"?>
<?AutomationRuntimeIOSystem Version = 2.5.0.7?>
<ChannelConfiguration xmlns="http://www.br-automation.com/AR/IO"><Module ID="$root" Hardware="3CP360.60-1"><LegacyAddressInfo><Parameter ID="PLCFamily" Value="1" Type="UDINT"/><Parameter ID="ModuleAddress" Value="1" Type="UDINT"/></LegacyAddressInfo><Channel ID="ModeSwitch" Position="1" FromVersion="B2.85" Description-de="Mode Schalter" Description-en="Mode switch" Ext="/HW" Address="0" Direction="IN" Type="USINT" Sig_St_Byte="1" ChannelType="Mode">
		</Channel>
		<Channel ID="BatteryStatusCPU" Position="2" FromVersion="B2.85" Description-de="Batterie Status CPU (0 = Batterie leer oder nicht vorhanden, 1 = Batterie OK)" Description-en="Battery status CPU (0 = battery low or missing, 1 = battery ok,)" Ext="/HW" Address="1" Direction="IN" Type="USINT" Sig_St_Byte="1" ChannelType="Battery" BatteryDetectionMethod="1" Ordinal="2">
		</Channel>
		<Channel ID="BatteryStatusENV" Position="3" FromVersion="B2.85" Description-de="Batterie Status Rckwand (0 = Batterie leer oder nicht vorhanden, 1 = Batterie OK)" Description-en="Battery status backplane (0 = battery low or missing, 1 = battery ok,)" Ext="/HW" Address="2" Direction="IN" Type="USINT" Sig_St_Byte="1" ChannelType="Battery" BatteryDetectionMethod="1" Ordinal="1">
		</Channel>
		<Channel ID="TemperatureCPU" Position="4" FromVersion="B2.85" Description-de="Temperatur CPU [1/10°C]" Description-en="Temperature CPU [1/10°C]" Ext="/HW" Address="3" Direction="IN" Type="UINT" Sig_Temp_CpuTemp="1" ChannelType="Temp" Ordinal="1">
		</Channel>
		<Channel ID="TemperatureENV" Position="5" FromVersion="B2.85" Description-de="Temperatur Khlblech [1/10°C]" Description-en="Temperature cooling plate [1/10°C]" Ext="/HW" Address="4" Direction="IN" Type="UINT" Sig_Temp_CpuTemp="1" ChannelType="Temp" Ordinal="2">
		</Channel>
		<Channel ID="SystemTime" Position="6" FromVersion="I2.90" Description-de="Systemzeit beim Start des aktuellen Taskklassenzyklus [µs]" Description-en="System time at the start of the current task cycle [µs]" Ext="/HW" Address="9" Direction="IN" Type="DINT" Sig_St_Dint="1" ChannelType="SystemTime">
		</Channel>
		<Channel ID="IF2.NodeSwitch" Position="1" FromVersion="B2.85" Description-de="Node Schalter" Description-en="Node switch" Ext="/HW" Address="5" Direction="IN" Type="USINT" Sig_St_Byte="1" ChannelType="Node" Device="PCI.IF2">
		</Channel>
	</Module></ChannelConfiguration>
