<?xml version="1.0"?>
<tree xmlns:dt="urn:schemas-microsoft-com:datatypes"><n ID="CYCLICSYSTEM"><d ID="SystemTick" dt:dt="ui4">1000</d><d ID="TimerDevice" dt:dt="string">SWIOTIMER</d><d ID="CycMultiVal" dt:dt="ui4">1</d><d ID="CycDivisor" dt:dt="ui4">0</d><n ID="CYCLICSYSTEM/IDLETIME"><d ID="CycleTime" dt:dt="ui4">20000</d><d ID="IdleTime" dt:dt="ui4">1000</d><d ID="FirstTaskClassAffected" dt:dt="ui4">2</d></n><n ID="CYCLICSYSTEM/TASKCLASSES"><n ID="CYCLICSYSTEM/TASKCLASSES/TC#1"><d ID="CycleTime" dt:dt="ui4">10000</d><d ID="Priority" dt:dt="ui4">230</d><d ID="Tolerance" dt:dt="ui4">10000</d><d ID="Stack" dt:dt="ui4">8192</d></n><n ID="CYCLICSYSTEM/TASKCLASSES/TC#2"><d ID="CycleTime" dt:dt="ui4">20000</d><d ID="Priority" dt:dt="ui4">218</d><d ID="Tolerance" dt:dt="ui4">20000</d><d ID="Stack" dt:dt="ui4">8192</d></n><n ID="CYCLICSYSTEM/TASKCLASSES/TC#3"><d ID="CycleTime" dt:dt="ui4">50000</d><d ID="Priority" dt:dt="ui4">200</d><d ID="Tolerance" dt:dt="ui4">50000</d><d ID="Stack" dt:dt="ui4">8192</d></n><n ID="CYCLICSYSTEM/TASKCLASSES/TC#4"><d ID="CycleTime" dt:dt="ui4">100000</d><d ID="Priority" dt:dt="ui4">198</d><d ID="Tolerance" dt:dt="ui4">100000</d><d ID="Stack" dt:dt="ui4">8192</d></n><n ID="CYCLICSYSTEM/TASKCLASSES/TC#5"><d ID="CycleTime" dt:dt="ui4">200000</d><d ID="Priority" dt:dt="ui4">196</d><d ID="Tolerance" dt:dt="ui4">200000</d><d ID="Stack" dt:dt="ui4">8192</d></n><n ID="CYCLICSYSTEM/TASKCLASSES/TC#6"><d ID="CycleTime" dt:dt="ui4">500000</d><d ID="Priority" dt:dt="ui4">194</d><d ID="Tolerance" dt:dt="ui4">500000</d><d ID="Stack" dt:dt="ui4">8192</d></n><n ID="CYCLICSYSTEM/TASKCLASSES/TC#7"><d ID="CycleTime" dt:dt="ui4">1000000</d><d ID="Priority" dt:dt="ui4">192</d><d ID="Tolerance" dt:dt="ui4">1000000</d><d ID="Stack" dt:dt="ui4">8192</d></n><n ID="CYCLICSYSTEM/TASKCLASSES/TC#8"><d ID="CycleTime" dt:dt="ui4">10000</d><d ID="Priority" dt:dt="ui4">190</d><d ID="Tolerance" dt:dt="ui4">30000000</d><d ID="Stack" dt:dt="ui4">8192</d></n></n><n ID="CYCLICSYSTEM/XLINK"><d ID="CycleTime" dt:dt="ui4">1000</d><d ID="Priority" dt:dt="ui4">230</d><d ID="Tolerance" dt:dt="ui4">0</d><d ID="Stack" dt:dt="ui4">8192</d><d ID="OutputDisplacement" dt:dt="ui4">0</d><d ID="Default" dt:dt="ui4">1</d></n></n><n ID="INA2000"><d ID="Connections" dt:dt="ui4">4</d><d ID="FastCommunication" dt:dt="ui4">1</d></n><n ID="BOOTPROPERTIES"><d ID="AfterReset" dt:dt="ui4">4</d><d ID="AfterPowerFail" dt:dt="ui4">1</d><d ID="DisableFtpServer" dt:dt="ui4">0</d><d ID="CsAfterMemCheck" dt:dt="ui4">0</d><d ID="NoPermDelAfterMemCheck" dt:dt="ui4">0</d></n><n ID="DEVICES"><n ID="DEVICES/USERRAM"><d ID="DDriverName" dt:dt="string">DdxxNvSRAM</d><d ID="DDriverType" dt:dt="ui4">6</d><d ID="StartMode" dt:dt="ui4">1</d><d ID="DeviceParam" dt:dt="string">/BA=0xd0cc0000 /LEN=0x7C000 /DIRECT=1</d><d ID="PhysDeviceName" dt:dt="string">CP360.SRAM</d></n><n ID="DEVICES/REMMEM"><d ID="DDriverName" dt:dt="string">DdxxNvSRAM</d><d ID="DDriverType" dt:dt="ui4">6</d><d ID="StartMode" dt:dt="ui4">1</d><d ID="DeviceParam" dt:dt="string">/BA=0xd0c80000 /LEN=0x3ff00</d><d ID="PhysDeviceName" dt:dt="string">CP360.SRAM</d></n><n ID="DEVICES/SWIOTIMER"><d ID="DDriverName" dt:dt="string">DdxxSWIOT</d><d ID="DDriverType" dt:dt="ui4">11</d><d ID="StartMode" dt:dt="ui4">1</d><d ID="DeviceParam" dt:dt="string">/CYCLE=1000</d></n></n><n ID="GLOBALPV"><d ID="VolatileSize" dt:dt="ui4">4096</d><d ID="RemanentSize" dt:dt="ui4">4096</d><d ID="PermanentSize" dt:dt="ui4">0</d></n><n ID="SYSTEMTABLES"><d ID="CyclicTasks" dt:dt="ui4">150</d><d ID="NonCycUsrTasks" dt:dt="ui4">2</d><d ID="NonCycSysTasks" dt:dt="ui4">100</d><d ID="PvTables" dt:dt="ui4">150</d><d ID="BRModules" dt:dt="ui4">300</d></n><n ID="ARLOGGER"><n ID="ARLOGGER/ARLOGUSR"><d ID="LogDataLen" dt:dt="ui4">204800</d></n><n ID="ARLOGGER/ARLOGSYS"><d ID="LogDataLen" dt:dt="ui4">204800</d></n></n><n ID="TIMEOFFSET"><d ID="timezone" dt:dt="ui4">130</d><d ID="DST" dt:dt="ui4">0</d><n ID="TIMEOFFSET/5"><d ID="gmt" dt:dt="string">-720</d></n><n ID="TIMEOFFSET/10"><d ID="gmt" dt:dt="string">-660</d></n><n ID="TIMEOFFSET/15"><d ID="gmt" dt:dt="string">-600</d></n><n ID="TIMEOFFSET/20"><d ID="gmt" dt:dt="string">-540</d><d ID="2007" dt:dt="string">/DD=1173578400 /DN=1194141600</d><d ID="2008" dt:dt="string">/DD=1205028000 /DN=1225591200</d><d ID="2009" dt:dt="string">/DD=1236477600 /DN=1257040800</d><d ID="2010" dt:dt="string">/DD=1268532000 /DN=1289095200</d><d ID="2011" dt:dt="string">/DD=1299981600 /DN=1320544800</d><d ID="2012" dt:dt="string">/DD=1331431200 /DN=1351994400</d><d ID="2013" dt:dt="string">/DD=1362880800 /DN=1383444000</d><d ID="2014" dt:dt="string">/DD=1394330400 /DN=1414893600</d><d ID="2015" dt:dt="string">/DD=1425780000 /DN=1446343200</d><d ID="2016" dt:dt="string">/DD=1457834400 /DN=1478397600</d><d ID="2017" dt:dt="string">/DD=1489284000 /DN=1509847200</d><d ID="2018" dt:dt="string">/DD=1520733600 /DN=1541296800</d><d ID="2019" dt:dt="string">/DD=1552183200 /DN=1572746400</d><d ID="2020" dt:dt="string">/DD=1583632800 /DN=1604196000</d><d ID="2021" dt:dt="string">/DD=1615687200 /DN=1636250400</d><d ID="2022" dt:dt="string">/DD=1647136800 /DN=1667700000</d><d ID="2023" dt:dt="string">/DD=1678586400 /DN=1699149600</d><d ID="2024" dt:dt="string">/DD=1710036000 /DN=1730599200</d><d ID="2025" dt:dt="string">/DD=1741485600 /DN=1762048800</d></n><n ID="TIMEOFFSET/25"><d ID="gmt" dt:dt="string">-480</d><d ID="2007" dt:dt="string">/DD=1173578400 /DN=1194141600</d><d ID="2008" dt:dt="string">/DD=1205028000 /DN=1225591200</d><d ID="2009" dt:dt="string">/DD=1236477600 /DN=1257040800</d><d ID="2010" dt:dt="string">/DD=1268532000 /DN=1289095200</d><d ID="2011" dt:dt="string">/DD=1299981600 /DN=1320544800</d><d ID="2012" dt:dt="string">/DD=1331431200 /DN=1351994400</d><d ID="2013" dt:dt="string">/DD=1362880800 /DN=1383444000</d><d ID="2014" dt:dt="string">/DD=1394330400 /DN=1414893600</d><d ID="2015" dt:dt="string">/DD=1425780000 /DN=1446343200</d><d ID="2016" dt:dt="string">/DD=1457834400 /DN=1478397600</d><d ID="2017" dt:dt="string">/DD=1489284000 /DN=1509847200</d><d ID="2018" dt:dt="string">/DD=1520733600 /DN=1541296800</d><d ID="2019" dt:dt="string">/DD=1552183200 /DN=1572746400</d><d ID="2020" dt:dt="string">/DD=1583632800 /DN=1604196000</d><d ID="2021" dt:dt="string">/DD=1615687200 /DN=1636250400</d><d ID="2022" dt:dt="string">/DD=1647136800 /DN=1667700000</d><d ID="2023" dt:dt="string">/DD=1678586400 /DN=1699149600</d><d ID="2024" dt:dt="string">/DD=1710036000 /DN=1730599200</d><d ID="2025" dt:dt="string">/DD=1741485600 /DN=1762048800</d></n><n ID="TIMEOFFSET/30"><d ID="gmt" dt:dt="string">-420</d></n><n ID="TIMEOFFSET/35"><d ID="gmt" dt:dt="string">-420</d><d ID="2007" dt:dt="string">/DD=1173578400 /DN=1194141600</d><d ID="2008" dt:dt="string">/DD=1205028000 /DN=1225591200</d><d ID="2009" dt:dt="string">/DD=1236477600 /DN=1257040800</d><d ID="2010" dt:dt="string">/DD=1268532000 /DN=1289095200</d><d ID="2011" dt:dt="string">/DD=1299981600 /DN=1320544800</d><d ID="2012" dt:dt="string">/DD=1331431200 /DN=1351994400</d><d ID="2013" dt:dt="string">/DD=1362880800 /DN=1383444000</d><d ID="2014" dt:dt="string">/DD=1394330400 /DN=1414893600</d><d ID="2015" dt:dt="string">/DD=1425780000 /DN=1446343200</d><d ID="2016" dt:dt="string">/DD=1457834400 /DN=1478397600</d><d ID="2017" dt:dt="string">/DD=1489284000 /DN=1509847200</d><d ID="2018" dt:dt="string">/DD=1520733600 /DN=1541296800</d><d ID="2019" dt:dt="string">/DD=1552183200 /DN=1572746400</d><d ID="2020" dt:dt="string">/DD=1583632800 /DN=1604196000</d><d ID="2021" dt:dt="string">/DD=1615687200 /DN=1636250400</d><d ID="2022" dt:dt="string">/DD=1647136800 /DN=1667700000</d><d ID="2023" dt:dt="string">/DD=1678586400 /DN=1699149600</d><d ID="2024" dt:dt="string">/DD=1710036000 /DN=1730599200</d><d ID="2025" dt:dt="string">/DD=1741485600 /DN=1762048800</d></n><n ID="TIMEOFFSET/40"><d ID="gmt" dt:dt="string">-420</d><d ID="2007" dt:dt="string">/DD=1175392800 /DN=1193536800</d><d ID="2008" dt:dt="string">/DD=1207447200 /DN=1224986400</d><d ID="2009" dt:dt="string">/DD=1238896800 /DN=1256436000</d><d ID="2010" dt:dt="string">/DD=1270346400 /DN=1288490400</d><d ID="2011" dt:dt="string">/DD=1301796000 /DN=1319940000</d><d ID="2012" dt:dt="string">/DD=1333245600 /DN=1351389600</d><d ID="2013" dt:dt="string">/DD=1365300000 /DN=1382839200</d><d ID="2014" dt:dt="string">/DD=1396749600 /DN=1414288800</d><d ID="2015" dt:dt="string">/DD=1428199200 /DN=1445738400</d><d ID="2016" dt:dt="string">/DD=1459648800 /DN=1477792800</d><d ID="2017" dt:dt="string">/DD=1491098400 /DN=1509242400</d><d ID="2018" dt:dt="string">/DD=1522548000 /DN=1540692000</d><d ID="2019" dt:dt="string">/DD=1554602400 /DN=1572141600</d><d ID="2020" dt:dt="string">/DD=1586052000 /DN=1603591200</d><d ID="2021" dt:dt="string">/DD=1617501600 /DN=1635645600</d><d ID="2022" dt:dt="string">/DD=1648951200 /DN=1667095200</d><d ID="2023" dt:dt="string">/DD=1680400800 /DN=1698544800</d><d ID="2024" dt:dt="string">/DD=1712455200 /DN=1729994400</d><d ID="2025" dt:dt="string">/DD=1743904800 /DN=1761444000</d></n><n ID="TIMEOFFSET/45"><d ID="gmt" dt:dt="string">-360</d><d ID="2007" dt:dt="string">/DD=1175392800 /DN=1193536800</d><d ID="2008" dt:dt="string">/DD=1207447200 /DN=1224986400</d><d ID="2009" dt:dt="string">/DD=1238896800 /DN=1256436000</d><d ID="2010" dt:dt="string">/DD=1270346400 /DN=1288490400</d><d ID="2011" dt:dt="string">/DD=1301796000 /DN=1319940000</d><d ID="2012" dt:dt="string">/DD=1333245600 /DN=1351389600</d><d ID="2013" dt:dt="string">/DD=1365300000 /DN=1382839200</d><d ID="2014" dt:dt="string">/DD=1396749600 /DN=1414288800</d><d ID="2015" dt:dt="string">/DD=1428199200 /DN=1445738400</d><d ID="2016" dt:dt="string">/DD=1459648800 /DN=1477792800</d><d ID="2017" dt:dt="string">/DD=1491098400 /DN=1509242400</d><d ID="2018" dt:dt="string">/DD=1522548000 /DN=1540692000</d><d ID="2019" dt:dt="string">/DD=1554602400 /DN=1572141600</d><d ID="2020" dt:dt="string">/DD=1586052000 /DN=1603591200</d><d ID="2021" dt:dt="string">/DD=1617501600 /DN=1635645600</d><d ID="2022" dt:dt="string">/DD=1648951200 /DN=1667095200</d><d ID="2023" dt:dt="string">/DD=1680400800 /DN=1698544800</d><d ID="2024" dt:dt="string">/DD=1712455200 /DN=1729994400</d><d ID="2025" dt:dt="string">/DD=1743904800 /DN=1761444000</d></n><n ID="TIMEOFFSET/50"><d ID="gmt" dt:dt="string">-360</d><d ID="2007" dt:dt="string">/DD=1173578400 /DN=1194141600</d><d ID="2008" dt:dt="string">/DD=1205028000 /DN=1225591200</d><d ID="2009" dt:dt="string">/DD=1236477600 /DN=1257040800</d><d ID="2010" dt:dt="string">/DD=1268532000 /DN=1289095200</d><d ID="2011" dt:dt="string">/DD=1299981600 /DN=1320544800</d><d ID="2012" dt:dt="string">/DD=1331431200 /DN=1351994400</d><d ID="2013" dt:dt="string">/DD=1362880800 /DN=1383444000</d><d ID="2014" dt:dt="string">/DD=1394330400 /DN=1414893600</d><d ID="2015" dt:dt="string">/DD=1425780000 /DN=1446343200</d><d ID="2016" dt:dt="string">/DD=1457834400 /DN=1478397600</d><d ID="2017" dt:dt="string">/DD=1489284000 /DN=1509847200</d><d ID="2018" dt:dt="string">/DD=1520733600 /DN=1541296800</d><d ID="2019" dt:dt="string">/DD=1552183200 /DN=1572746400</d><d ID="2020" dt:dt="string">/DD=1583632800 /DN=1604196000</d><d ID="2021" dt:dt="string">/DD=1615687200 /DN=1636250400</d><d ID="2022" dt:dt="string">/DD=1647136800 /DN=1667700000</d><d ID="2023" dt:dt="string">/DD=1678586400 /DN=1699149600</d><d ID="2024" dt:dt="string">/DD=1710036000 /DN=1730599200</d><d ID="2025" dt:dt="string">/DD=1741485600 /DN=1762048800</d></n><n ID="TIMEOFFSET/55"><d ID="gmt" dt:dt="string">-360</d></n><n ID="TIMEOFFSET/60"><d ID="gmt" dt:dt="string">-300</d></n><n ID="TIMEOFFSET/65"><d ID="gmt" dt:dt="string">-300</d><d ID="2007" dt:dt="string">/DD=1173578400 /DN=1194141600</d><d ID="2008" dt:dt="string">/DD=1205028000 /DN=1225591200</d><d ID="2009" dt:dt="string">/DD=1236477600 /DN=1257040800</d><d ID="2010" dt:dt="string">/DD=1268532000 /DN=1289095200</d><d ID="2011" dt:dt="string">/DD=1299981600 /DN=1320544800</d><d ID="2012" dt:dt="string">/DD=1331431200 /DN=1351994400</d><d ID="2013" dt:dt="string">/DD=1362880800 /DN=1383444000</d><d ID="2014" dt:dt="string">/DD=1394330400 /DN=1414893600</d><d ID="2015" dt:dt="string">/DD=1425780000 /DN=1446343200</d><d ID="2016" dt:dt="string">/DD=1457834400 /DN=1478397600</d><d ID="2017" dt:dt="string">/DD=1489284000 /DN=1509847200</d><d ID="2018" dt:dt="string">/DD=1520733600 /DN=1541296800</d><d ID="2019" dt:dt="string">/DD=1552183200 /DN=1572746400</d><d ID="2020" dt:dt="string">/DD=1583632800 /DN=1604196000</d><d ID="2021" dt:dt="string">/DD=1615687200 /DN=1636250400</d><d ID="2022" dt:dt="string">/DD=1647136800 /DN=1667700000</d><d ID="2023" dt:dt="string">/DD=1678586400 /DN=1699149600</d><d ID="2024" dt:dt="string">/DD=1710036000 /DN=1730599200</d><d ID="2025" dt:dt="string">/DD=1741485600 /DN=1762048800</d></n><n ID="TIMEOFFSET/70"><d ID="gmt" dt:dt="string">-300</d><d ID="2007" dt:dt="string">/DD=1173571200 /DN=1194138000</d><d ID="2008" dt:dt="string">/DD=1205020800 /DN=1225587600</d><d ID="2009" dt:dt="string">/DD=1236470400 /DN=1257037200</d><d ID="2010" dt:dt="string">/DD=1268524800 /DN=1289091600</d><d ID="2011" dt:dt="string">/DD=1299974400 /DN=1320541200</d><d ID="2012" dt:dt="string">/DD=1331424000 /DN=1351990800</d><d ID="2013" dt:dt="string">/DD=1362873600 /DN=1383440400</d><d ID="2014" dt:dt="string">/DD=1394323200 /DN=1414890000</d><d ID="2015" dt:dt="string">/DD=1425772800 /DN=1446339600</d><d ID="2016" dt:dt="string">/DD=1457827200 /DN=1478394000</d><d ID="2017" dt:dt="string">/DD=1489276800 /DN=1509843600</d><d ID="2018" dt:dt="string">/DD=1520726400 /DN=1541293200</d><d ID="2019" dt:dt="string">/DD=1552176000 /DN=1572742800</d><d ID="2020" dt:dt="string">/DD=1583625600 /DN=1604192400</d><d ID="2021" dt:dt="string">/DD=1615680000 /DN=1636246800</d><d ID="2022" dt:dt="string">/DD=1647129600 /DN=1667696400</d><d ID="2023" dt:dt="string">/DD=1678579200 /DN=1699146000</d><d ID="2024" dt:dt="string">/DD=1710028800 /DN=1730595600</d><d ID="2025" dt:dt="string">/DD=1741478400 /DN=1762045200</d></n><n ID="TIMEOFFSET/75"><d ID="gmt" dt:dt="string">-300</d><d ID="2007" dt:dt="string">/DD=1173578400 /DN=1194141600</d><d ID="2008" dt:dt="string">/DD=1205028000 /DN=1225591200</d><d ID="2009" dt:dt="string">/DD=1236477600 /DN=1257040800</d><d ID="2010" dt:dt="string">/DD=1268532000 /DN=1289095200</d><d ID="2011" dt:dt="string">/DD=1299981600 /DN=1320544800</d><d ID="2012" dt:dt="string">/DD=1331431200 /DN=1351994400</d><d ID="2013" dt:dt="string">/DD=1362880800 /DN=1383444000</d><d ID="2014" dt:dt="string">/DD=1394330400 /DN=1414893600</d><d ID="2015" dt:dt="string">/DD=1425780000 /DN=1446343200</d><d ID="2016" dt:dt="string">/DD=1457834400 /DN=1478397600</d><d ID="2017" dt:dt="string">/DD=1489284000 /DN=1509847200</d><d ID="2018" dt:dt="string">/DD=1520733600 /DN=1541296800</d><d ID="2019" dt:dt="string">/DD=1552183200 /DN=1572746400</d><d ID="2020" dt:dt="string">/DD=1583632800 /DN=1604196000</d><d ID="2021" dt:dt="string">/DD=1615687200 /DN=1636250400</d><d ID="2022" dt:dt="string">/DD=1647136800 /DN=1667700000</d><d ID="2023" dt:dt="string">/DD=1678586400 /DN=1699149600</d><d ID="2024" dt:dt="string">/DD=1710036000 /DN=1730599200</d><d ID="2025" dt:dt="string">/DD=1741485600 /DN=1762048800</d></n><n ID="TIMEOFFSET/80"><d ID="gmt" dt:dt="string">-240</d></n><n ID="TIMEOFFSET/85"><d ID="gmt" dt:dt="string">-240</d><d ID="2007" dt:dt="string">/DD=1192320000 /DN=1173571200</d><d ID="2008" dt:dt="string">/DD=1223769600 /DN=1205020800</d><d ID="2009" dt:dt="string">/DD=1255219200 /DN=1237075200</d><d ID="2010" dt:dt="string">/DD=1286668800 /DN=1268524800</d><d ID="2011" dt:dt="string">/DD=1318118400 /DN=1299974400</d><d ID="2012" dt:dt="string">/DD=1350172800 /DN=1331424000</d><d ID="2013" dt:dt="string">/DD=1381622400 /DN=1362873600</d><d ID="2014" dt:dt="string">/DD=1413072000 /DN=1394323200</d><d ID="2015" dt:dt="string">/DD=1444521600 /DN=1426377600</d><d ID="2016" dt:dt="string">/DD=1475971200 /DN=1457827200</d><d ID="2017" dt:dt="string">/DD=1508025600 /DN=1489276800</d><d ID="2018" dt:dt="string">/DD=1539475200 /DN=1520726400</d><d ID="2019" dt:dt="string">/DD=1570924800 /DN=1552176000</d><d ID="2020" dt:dt="string">/DD=1602374400 /DN=1584230400</d><d ID="2021" dt:dt="string">/DD=1633824000 /DN=1615680000</d><d ID="2022" dt:dt="string">/DD=1665273600 /DN=1647129600</d><d ID="2023" dt:dt="string">/DD=1697328000 /DN=1678579200</d><d ID="2024" dt:dt="string">/DD=1728777600 /DN=1710028800</d><d ID="2025" dt:dt="string">/DD=1760227200 /DN=1741478400</d></n><n ID="TIMEOFFSET/90"><d ID="gmt" dt:dt="string">-240</d><d ID="2007" dt:dt="string">/DD=1173578400 /DN=1194141600</d><d ID="2008" dt:dt="string">/DD=1205028000 /DN=1225591200</d><d ID="2009" dt:dt="string">/DD=1236477600 /DN=1257040800</d><d ID="2010" dt:dt="string">/DD=1268532000 /DN=1289095200</d><d ID="2011" dt:dt="string">/DD=1299981600 /DN=1320544800</d><d ID="2012" dt:dt="string">/DD=1331431200 /DN=1351994400</d><d ID="2013" dt:dt="string">/DD=1362880800 /DN=1383444000</d><d ID="2014" dt:dt="string">/DD=1394330400 /DN=1414893600</d><d ID="2015" dt:dt="string">/DD=1425780000 /DN=1446343200</d><d ID="2016" dt:dt="string">/DD=1457834400 /DN=1478397600</d><d ID="2017" dt:dt="string">/DD=1489284000 /DN=1509847200</d><d ID="2018" dt:dt="string">/DD=1520733600 /DN=1541296800</d><d ID="2019" dt:dt="string">/DD=1552183200 /DN=1572746400</d><d ID="2020" dt:dt="string">/DD=1583632800 /DN=1604196000</d><d ID="2021" dt:dt="string">/DD=1615687200 /DN=1636250400</d><d ID="2022" dt:dt="string">/DD=1647136800 /DN=1667700000</d><d ID="2023" dt:dt="string">/DD=1678586400 /DN=1699149600</d><d ID="2024" dt:dt="string">/DD=1710036000 /DN=1730599200</d><d ID="2025" dt:dt="string">/DD=1741485600 /DN=1762048800</d></n><n ID="TIMEOFFSET/95"><d ID="gmt" dt:dt="string">-210</d><d ID="2007" dt:dt="string">/DD=1175385660 /DN=1193529660</d><d ID="2008" dt:dt="string">/DD=1207440060 /DN=1224979260</d><d ID="2009" dt:dt="string">/DD=1238889660 /DN=1256428860</d><d ID="2010" dt:dt="string">/DD=1270339260 /DN=1288483260</d><d ID="2011" dt:dt="string">/DD=1301788860 /DN=1319932860</d><d ID="2012" dt:dt="string">/DD=1333238460 /DN=1351382460</d><d ID="2013" dt:dt="string">/DD=1365292860 /DN=1382832060</d><d ID="2014" dt:dt="string">/DD=1396742460 /DN=1414281660</d><d ID="2015" dt:dt="string">/DD=1428192060 /DN=1445731260</d><d ID="2016" dt:dt="string">/DD=1459641660 /DN=1477785660</d><d ID="2017" dt:dt="string">/DD=1491091260 /DN=1509235260</d><d ID="2018" dt:dt="string">/DD=1522540860 /DN=1540684860</d><d ID="2019" dt:dt="string">/DD=1554595260 /DN=1572134460</d><d ID="2020" dt:dt="string">/DD=1586044860 /DN=1603584060</d><d ID="2021" dt:dt="string">/DD=1617494460 /DN=1635638460</d><d ID="2022" dt:dt="string">/DD=1648944060 /DN=1667088060</d><d ID="2023" dt:dt="string">/DD=1680393660 /DN=1698537660</d><d ID="2024" dt:dt="string">/DD=1712448060 /DN=1729987260</d><d ID="2025" dt:dt="string">/DD=1743897660 /DN=1761436860</d></n><n ID="TIMEOFFSET/100"><d ID="gmt" dt:dt="string">-180</d></n><n ID="TIMEOFFSET/105"><d ID="gmt" dt:dt="string">-180</d><d ID="2007" dt:dt="string">/DD=1192924800 /DN=1172361600</d><d ID="2008" dt:dt="string">/DD=1224374400 /DN=1203206400</d><d ID="2009" dt:dt="string">/DD=1255824000 /DN=1234656000</d><d ID="2010" dt:dt="string">/DD=1287273600 /DN=1266710400</d><d ID="2011" dt:dt="string">/DD=1318723200 /DN=1298160000</d><d ID="2012" dt:dt="string">/DD=1350777600 /DN=1329609600</d><d ID="2013" dt:dt="string">/DD=1382227200 /DN=1361059200</d><d ID="2014" dt:dt="string">/DD=1413676800 /DN=1392508800</d><d ID="2015" dt:dt="string">/DD=1445126400 /DN=1423958400</d><d ID="2016" dt:dt="string">/DD=1476576000 /DN=1456012800</d><d ID="2017" dt:dt="string">/DD=1508025600 /DN=1487462400</d><d ID="2018" dt:dt="string">/DD=1540080000 /DN=1518912000</d><d ID="2019" dt:dt="string">/DD=1571529600 /DN=1550361600</d><d ID="2020" dt:dt="string">/DD=1602979200 /DN=1581811200</d><d ID="2021" dt:dt="string">/DD=1634428800 /DN=1613865600</d><d ID="2022" dt:dt="string">/DD=1665878400 /DN=1645315200</d><d ID="2023" dt:dt="string">/DD=1697328000 /DN=1676764800</d><d ID="2024" dt:dt="string">/DD=1729382400 /DN=1708214400</d><d ID="2025" dt:dt="string">/DD=1760832000 /DN=1739664000</d></n><n ID="TIMEOFFSET/110"><d ID="gmt" dt:dt="string">-180</d></n><n ID="TIMEOFFSET/115"><d ID="gmt" dt:dt="string">-120</d></n><n ID="TIMEOFFSET/120"><d ID="gmt" dt:dt="string">-60</d><d ID="2007" dt:dt="string">/DD=1174780800 /DN=1193533200</d><d ID="2008" dt:dt="string">/DD=1206835200 /DN=1224982800</d><d ID="2009" dt:dt="string">/DD=1238284800 /DN=1256432400</d><d ID="2010" dt:dt="string">/DD=1269734400 /DN=1288486800</d><d ID="2011" dt:dt="string">/DD=1301184000 /DN=1319936400</d><d ID="2012" dt:dt="string">/DD=1332633600 /DN=1351386000</d><d ID="2013" dt:dt="string">/DD=1364688000 /DN=1382835600</d><d ID="2014" dt:dt="string">/DD=1396137600 /DN=1414285200</d><d ID="2015" dt:dt="string">/DD=1427587200 /DN=1445734800</d><d ID="2016" dt:dt="string">/DD=1459036800 /DN=1477789200</d><d ID="2017" dt:dt="string">/DD=1490486400 /DN=1509238800</d><d ID="2018" dt:dt="string">/DD=1521936000 /DN=1540688400</d><d ID="2019" dt:dt="string">/DD=1553990400 /DN=1572138000</d><d ID="2020" dt:dt="string">/DD=1585440000 /DN=1603587600</d><d ID="2021" dt:dt="string">/DD=1616889600 /DN=1635642000</d><d ID="2022" dt:dt="string">/DD=1648339200 /DN=1667091600</d><d ID="2023" dt:dt="string">/DD=1679788800 /DN=1698541200</d><d ID="2024" dt:dt="string">/DD=1711843200 /DN=1729990800</d><d ID="2025" dt:dt="string">/DD=1743292800 /DN=1761440400</d></n><n ID="TIMEOFFSET/125"><d ID="gmt" dt:dt="string">-60</d></n><n ID="TIMEOFFSET/130"><d ID="gmt" dt:dt="string">0</d><d ID="2007" dt:dt="string">/DD=1174784400 /DN=1193536800</d><d ID="2008" dt:dt="string">/DD=1206838800 /DN=1224986400</d><d ID="2009" dt:dt="string">/DD=1238288400 /DN=1256436000</d><d ID="2010" dt:dt="string">/DD=1269738000 /DN=1288490400</d><d ID="2011" dt:dt="string">/DD=1301187600 /DN=1319940000</d><d ID="2012" dt:dt="string">/DD=1332637200 /DN=1351389600</d><d ID="2013" dt:dt="string">/DD=1364691600 /DN=1382839200</d><d ID="2014" dt:dt="string">/DD=1396141200 /DN=1414288800</d><d ID="2015" dt:dt="string">/DD=1427590800 /DN=1445738400</d><d ID="2016" dt:dt="string">/DD=1459040400 /DN=1477792800</d><d ID="2017" dt:dt="string">/DD=1490490000 /DN=1509242400</d><d ID="2018" dt:dt="string">/DD=1521939600 /DN=1540692000</d><d ID="2019" dt:dt="string">/DD=1553994000 /DN=1572141600</d><d ID="2020" dt:dt="string">/DD=1585443600 /DN=1603591200</d><d ID="2021" dt:dt="string">/DD=1616893200 /DN=1635645600</d><d ID="2022" dt:dt="string">/DD=1648342800 /DN=1667095200</d><d ID="2023" dt:dt="string">/DD=1679792400 /DN=1698544800</d><d ID="2024" dt:dt="string">/DD=1711846800 /DN=1729994400</d><d ID="2025" dt:dt="string">/DD=1743296400 /DN=1761444000</d></n><n ID="TIMEOFFSET/135"><d ID="gmt" dt:dt="string">0</d></n><n ID="TIMEOFFSET/140"><d ID="gmt" dt:dt="string">60</d><d ID="2007" dt:dt="string">/DD=1174788000 /DN=1193540400</d><d ID="2008" dt:dt="string">/DD=1206842400 /DN=1224990000</d><d ID="2009" dt:dt="string">/DD=1238292000 /DN=1256439600</d><d ID="2010" dt:dt="string">/DD=1269741600 /DN=1288494000</d><d ID="2011" dt:dt="string">/DD=1301191200 /DN=1319943600</d><d ID="2012" dt:dt="string">/DD=1332640800 /DN=1351393200</d><d ID="2013" dt:dt="string">/DD=1364695200 /DN=1382842800</d><d ID="2014" dt:dt="string">/DD=1396144800 /DN=1414292400</d><d ID="2015" dt:dt="string">/DD=1427594400 /DN=1445742000</d><d ID="2016" dt:dt="string">/DD=1459044000 /DN=1477796400</d><d ID="2017" dt:dt="string">/DD=1490493600 /DN=1509246000</d><d ID="2018" dt:dt="string">/DD=1521943200 /DN=1540695600</d><d ID="2019" dt:dt="string">/DD=1553997600 /DN=1572145200</d><d ID="2020" dt:dt="string">/DD=1585447200 /DN=1603594800</d><d ID="2021" dt:dt="string">/DD=1616896800 /DN=1635649200</d><d ID="2022" dt:dt="string">/DD=1648346400 /DN=1667098800</d><d ID="2023" dt:dt="string">/DD=1679796000 /DN=1698548400</d><d ID="2024" dt:dt="string">/DD=1711850400 /DN=1729998000</d><d ID="2025" dt:dt="string">/DD=1743300000 /DN=1761447600</d></n><n ID="TIMEOFFSET/145"><d ID="gmt" dt:dt="string">60</d><d ID="2007" dt:dt="string">/DD=1174788000 /DN=1193540400</d><d ID="2008" dt:dt="string">/DD=1206842400 /DN=1224990000</d><d ID="2009" dt:dt="string">/DD=1238292000 /DN=1256439600</d><d ID="2010" dt:dt="string">/DD=1269741600 /DN=1288494000</d><d ID="2011" dt:dt="string">/DD=1301191200 /DN=1319943600</d><d ID="2012" dt:dt="string">/DD=1332640800 /DN=1351393200</d><d ID="2013" dt:dt="string">/DD=1364695200 /DN=1382842800</d><d ID="2014" dt:dt="string">/DD=1396144800 /DN=1414292400</d><d ID="2015" dt:dt="string">/DD=1427594400 /DN=1445742000</d><d ID="2016" dt:dt="string">/DD=1459044000 /DN=1477796400</d><d ID="2017" dt:dt="string">/DD=1490493600 /DN=1509246000</d><d ID="2018" dt:dt="string">/DD=1521943200 /DN=1540695600</d><d ID="2019" dt:dt="string">/DD=1553997600 /DN=1572145200</d><d ID="2020" dt:dt="string">/DD=1585447200 /DN=1603594800</d><d ID="2021" dt:dt="string">/DD=1616896800 /DN=1635649200</d><d ID="2022" dt:dt="string">/DD=1648346400 /DN=1667098800</d><d ID="2023" dt:dt="string">/DD=1679796000 /DN=1698548400</d><d ID="2024" dt:dt="string">/DD=1711850400 /DN=1729998000</d><d ID="2025" dt:dt="string">/DD=1743300000 /DN=1761447600</d></n><n ID="TIMEOFFSET/150"><d ID="gmt" dt:dt="string">60</d><d ID="2007" dt:dt="string">/DD=1174788000 /DN=1193540400</d><d ID="2008" dt:dt="string">/DD=1206842400 /DN=1224990000</d><d ID="2009" dt:dt="string">/DD=1238292000 /DN=1256439600</d><d ID="2010" dt:dt="string">/DD=1269741600 /DN=1288494000</d><d ID="2011" dt:dt="string">/DD=1301191200 /DN=1319943600</d><d ID="2012" dt:dt="string">/DD=1332640800 /DN=1351393200</d><d ID="2013" dt:dt="string">/DD=1364695200 /DN=1382842800</d><d ID="2014" dt:dt="string">/DD=1396144800 /DN=1414292400</d><d ID="2015" dt:dt="string">/DD=1427594400 /DN=1445742000</d><d ID="2016" dt:dt="string">/DD=1459044000 /DN=1477796400</d><d ID="2017" dt:dt="string">/DD=1490493600 /DN=1509246000</d><d ID="2018" dt:dt="string">/DD=1521943200 /DN=1540695600</d><d ID="2019" dt:dt="string">/DD=1553997600 /DN=1572145200</d><d ID="2020" dt:dt="string">/DD=1585447200 /DN=1603594800</d><d ID="2021" dt:dt="string">/DD=1616896800 /DN=1635649200</d><d ID="2022" dt:dt="string">/DD=1648346400 /DN=1667098800</d><d ID="2023" dt:dt="string">/DD=1679796000 /DN=1698548400</d><d ID="2024" dt:dt="string">/DD=1711850400 /DN=1729998000</d><d ID="2025" dt:dt="string">/DD=1743300000 /DN=1761447600</d></n><n ID="TIMEOFFSET/155"><d ID="gmt" dt:dt="string">60</d></n><n ID="TIMEOFFSET/160"><d ID="gmt" dt:dt="string">60</d><d ID="2007" dt:dt="string">/DD=1174788000 /DN=1193540400</d><d ID="2008" dt:dt="string">/DD=1206842400 /DN=1224990000</d><d ID="2009" dt:dt="string">/DD=1238292000 /DN=1256439600</d><d ID="2010" dt:dt="string">/DD=1269741600 /DN=1288494000</d><d ID="2011" dt:dt="string">/DD=1301191200 /DN=1319943600</d><d ID="2012" dt:dt="string">/DD=1332640800 /DN=1351393200</d><d ID="2013" dt:dt="string">/DD=1364695200 /DN=1382842800</d><d ID="2014" dt:dt="string">/DD=1396144800 /DN=1414292400</d><d ID="2015" dt:dt="string">/DD=1427594400 /DN=1445742000</d><d ID="2016" dt:dt="string">/DD=1459044000 /DN=1477796400</d><d ID="2017" dt:dt="string">/DD=1490493600 /DN=1509246000</d><d ID="2018" dt:dt="string">/DD=1521943200 /DN=1540695600</d><d ID="2019" dt:dt="string">/DD=1553997600 /DN=1572145200</d><d ID="2020" dt:dt="string">/DD=1585447200 /DN=1603594800</d><d ID="2021" dt:dt="string">/DD=1616896800 /DN=1635649200</d><d ID="2022" dt:dt="string">/DD=1648346400 /DN=1667098800</d><d ID="2023" dt:dt="string">/DD=1679796000 /DN=1698548400</d><d ID="2024" dt:dt="string">/DD=1711850400 /DN=1729998000</d><d ID="2025" dt:dt="string">/DD=1743300000 /DN=1761447600</d></n><n ID="TIMEOFFSET/165"><d ID="gmt" dt:dt="string">120</d><d ID="2007" dt:dt="string">/DD=1174791600 /DN=1193544000</d><d ID="2008" dt:dt="string">/DD=1206846000 /DN=1224993600</d><d ID="2009" dt:dt="string">/DD=1238295600 /DN=1256443200</d><d ID="2010" dt:dt="string">/DD=1269745200 /DN=1288497600</d><d ID="2011" dt:dt="string">/DD=1301194800 /DN=1319947200</d><d ID="2012" dt:dt="string">/DD=1332644400 /DN=1351396800</d><d ID="2013" dt:dt="string">/DD=1364698800 /DN=1382846400</d><d ID="2014" dt:dt="string">/DD=1396148400 /DN=1414296000</d><d ID="2015" dt:dt="string">/DD=1427598000 /DN=1445745600</d><d ID="2016" dt:dt="string">/DD=1459047600 /DN=1477800000</d><d ID="2017" dt:dt="string">/DD=1490497200 /DN=1509249600</d><d ID="2018" dt:dt="string">/DD=1521946800 /DN=1540699200</d><d ID="2019" dt:dt="string">/DD=1554001200 /DN=1572148800</d><d ID="2020" dt:dt="string">/DD=1585450800 /DN=1603598400</d><d ID="2021" dt:dt="string">/DD=1616900400 /DN=1635652800</d><d ID="2022" dt:dt="string">/DD=1648350000 /DN=1667102400</d><d ID="2023" dt:dt="string">/DD=1679799600 /DN=1698552000</d><d ID="2024" dt:dt="string">/DD=1711854000 /DN=1730001600</d><d ID="2025" dt:dt="string">/DD=1743303600 /DN=1761451200</d></n><n ID="TIMEOFFSET/170"><d ID="gmt" dt:dt="string">120</d><d ID="2007" dt:dt="string">/DD=1174791600 /DN=1193544000</d><d ID="2008" dt:dt="string">/DD=1206846000 /DN=1224993600</d><d ID="2009" dt:dt="string">/DD=1238295600 /DN=1256443200</d><d ID="2010" dt:dt="string">/DD=1269745200 /DN=1288497600</d><d ID="2011" dt:dt="string">/DD=1301194800 /DN=1319947200</d><d ID="2012" dt:dt="string">/DD=1332644400 /DN=1351396800</d><d ID="2013" dt:dt="string">/DD=1364698800 /DN=1382846400</d><d ID="2014" dt:dt="string">/DD=1396148400 /DN=1414296000</d><d ID="2015" dt:dt="string">/DD=1427598000 /DN=1445745600</d><d ID="2016" dt:dt="string">/DD=1459047600 /DN=1477800000</d><d ID="2017" dt:dt="string">/DD=1490497200 /DN=1509249600</d><d ID="2018" dt:dt="string">/DD=1521946800 /DN=1540699200</d><d ID="2019" dt:dt="string">/DD=1554001200 /DN=1572148800</d><d ID="2020" dt:dt="string">/DD=1585450800 /DN=1603598400</d><d ID="2021" dt:dt="string">/DD=1616900400 /DN=1635652800</d><d ID="2022" dt:dt="string">/DD=1648350000 /DN=1667102400</d><d ID="2023" dt:dt="string">/DD=1679799600 /DN=1698552000</d><d ID="2024" dt:dt="string">/DD=1711854000 /DN=1730001600</d><d ID="2025" dt:dt="string">/DD=1743303600 /DN=1761451200</d></n><n ID="TIMEOFFSET/175"><d ID="gmt" dt:dt="string">120</d><d ID="2007" dt:dt="string">/DD=1174791600 /DN=1193544000</d><d ID="2008" dt:dt="string">/DD=1206846000 /DN=1224993600</d><d ID="2009" dt:dt="string">/DD=1238295600 /DN=1256443200</d><d ID="2010" dt:dt="string">/DD=1269745200 /DN=1288497600</d><d ID="2011" dt:dt="string">/DD=1301194800 /DN=1319947200</d><d ID="2012" dt:dt="string">/DD=1332644400 /DN=1351396800</d><d ID="2013" dt:dt="string">/DD=1364698800 /DN=1382846400</d><d ID="2014" dt:dt="string">/DD=1396148400 /DN=1414296000</d><d ID="2015" dt:dt="string">/DD=1427598000 /DN=1445745600</d><d ID="2016" dt:dt="string">/DD=1459047600 /DN=1477800000</d><d ID="2017" dt:dt="string">/DD=1490497200 /DN=1509249600</d><d ID="2018" dt:dt="string">/DD=1521946800 /DN=1540699200</d><d ID="2019" dt:dt="string">/DD=1554001200 /DN=1572148800</d><d ID="2020" dt:dt="string">/DD=1585450800 /DN=1603598400</d><d ID="2021" dt:dt="string">/DD=1616900400 /DN=1635652800</d><d ID="2022" dt:dt="string">/DD=1648350000 /DN=1667102400</d><d ID="2023" dt:dt="string">/DD=1679799600 /DN=1698552000</d><d ID="2024" dt:dt="string">/DD=1711854000 /DN=1730001600</d><d ID="2025" dt:dt="string">/DD=1743303600 /DN=1761451200</d></n><n ID="TIMEOFFSET/180"><d ID="gmt" dt:dt="string">120</d><d ID="2007" dt:dt="string">/DD=1177632000 /DN=1190937600</d><d ID="2008" dt:dt="string">/DD=1209081600 /DN=1222387200</d><d ID="2009" dt:dt="string">/DD=1240531200 /DN=1253836800</d><d ID="2010" dt:dt="string">/DD=1272585600 /DN=1285891200</d><d ID="2011" dt:dt="string">/DD=1304035200 /DN=1317340800</d><d ID="2012" dt:dt="string">/DD=1335484800 /DN=1348790400</d><d ID="2013" dt:dt="string">/DD=1366934400 /DN=1380240000</d><d ID="2014" dt:dt="string">/DD=1398384000 /DN=1411689600</d><d ID="2015" dt:dt="string">/DD=1429833600 /DN=1443139200</d><d ID="2016" dt:dt="string">/DD=1461888000 /DN=1475193600</d><d ID="2017" dt:dt="string">/DD=1493337600 /DN=1506643200</d><d ID="2018" dt:dt="string">/DD=1524787200 /DN=1538092800</d><d ID="2019" dt:dt="string">/DD=1556236800 /DN=1569542400</d><d ID="2020" dt:dt="string">/DD=1587686400 /DN=1600992000</d><d ID="2021" dt:dt="string">/DD=1619740800 /DN=1633046400</d><d ID="2022" dt:dt="string">/DD=1651190400 /DN=1664496000</d><d ID="2023" dt:dt="string">/DD=1682640000 /DN=1695945600</d><d ID="2024" dt:dt="string">/DD=1714089600 /DN=1727395200</d><d ID="2025" dt:dt="string">/DD=1745539200 /DN=1758844800</d></n><n ID="TIMEOFFSET/185"><d ID="gmt" dt:dt="string">120</d></n><n ID="TIMEOFFSET/190"><d ID="gmt" dt:dt="string">120</d><d ID="2007" dt:dt="string">/DD=1175220000 /DN=1189908000</d><d ID="2008" dt:dt="string">/DD=1206669600 /DN=1223172000</d><d ID="2009" dt:dt="string">/DD=1238119200 /DN=1254016800</d><d ID="2010" dt:dt="string">/DD=1269568800 /DN=1284256800</d><d ID="2011" dt:dt="string">/DD=1301623200 /DN=1317520800</d><d ID="2012" dt:dt="string">/DD=1333072800 /DN=1348365600</d><d ID="2013" dt:dt="string">/DD=1364522400 /DN=1378605600</d><d ID="2014" dt:dt="string">/DD=1395972000 /DN=1411869600</d><d ID="2015" dt:dt="string">/DD=1427421600 /DN=1442714400</d><d ID="2016" dt:dt="string">/DD=1459476000 /DN=1475978400</d><d ID="2017" dt:dt="string">/DD=1490925600 /DN=1506218400</d><d ID="2018" dt:dt="string">/DD=1522375200 /DN=1537063200</d><d ID="2019" dt:dt="string">/DD=1553824800 /DN=1570327200</d><d ID="2020" dt:dt="string">/DD=1585274400 /DN=1601172000</d><d ID="2021" dt:dt="string">/DD=1616724000 /DN=1631412000</d><d ID="2022" dt:dt="string">/DD=1648778400 /DN=1664676000</d><d ID="2023" dt:dt="string">/DD=1680228000 /DN=1695520800</d><d ID="2024" dt:dt="string">/DD=1711677600 /DN=1728180000</d><d ID="2025" dt:dt="string">/DD=1743127200 /DN=1759024800</d></n><n ID="TIMEOFFSET/195"><d ID="gmt" dt:dt="string">180</d></n><n ID="TIMEOFFSET/200"><d ID="gmt" dt:dt="string">180</d><d ID="2007" dt:dt="string">/DD=1175396400 /DN=1191211200</d><d ID="2008" dt:dt="string">/DD=1207018800 /DN=1222833600</d><d ID="2009" dt:dt="string">/DD=1238554800 /DN=1254369600</d><d ID="2010" dt:dt="string">/DD=1270090800 /DN=1285905600</d><d ID="2011" dt:dt="string">/DD=1301626800 /DN=1317441600</d><d ID="2012" dt:dt="string">/DD=1333249200 /DN=1349064000</d><d ID="2013" dt:dt="string">/DD=1364785200 /DN=1380600000</d><d ID="2014" dt:dt="string">/DD=1396321200 /DN=1412136000</d><d ID="2015" dt:dt="string">/DD=1427857200 /DN=1443672000</d><d ID="2016" dt:dt="string">/DD=1459479600 /DN=1475294400</d><d ID="2017" dt:dt="string">/DD=1491015600 /DN=1506830400</d><d ID="2018" dt:dt="string">/DD=1522551600 /DN=1538366400</d><d ID="2019" dt:dt="string">/DD=1554087600 /DN=1569902400</d><d ID="2020" dt:dt="string">/DD=1585710000 /DN=1601524800</d><d ID="2021" dt:dt="string">/DD=1617246000 /DN=1633060800</d><d ID="2022" dt:dt="string">/DD=1648782000 /DN=1664596800</d><d ID="2023" dt:dt="string">/DD=1680318000 /DN=1696132800</d><d ID="2024" dt:dt="string">/DD=1711940400 /DN=1727755200</d><d ID="2025" dt:dt="string">/DD=1743476400 /DN=1759291200</d></n><n ID="TIMEOFFSET/205"><d ID="gmt" dt:dt="string">180</d></n><n ID="TIMEOFFSET/210"><d ID="gmt" dt:dt="string">180</d><d ID="2007" dt:dt="string">/DD=1174788000 /DN=1193540400</d><d ID="2008" dt:dt="string">/DD=1206842400 /DN=1224990000</d><d ID="2009" dt:dt="string">/DD=1238292000 /DN=1256439600</d><d ID="2010" dt:dt="string">/DD=1269741600 /DN=1288494000</d><d ID="2011" dt:dt="string">/DD=1301191200 /DN=1319943600</d><d ID="2012" dt:dt="string">/DD=1332640800 /DN=1351393200</d><d ID="2013" dt:dt="string">/DD=1364695200 /DN=1382842800</d><d ID="2014" dt:dt="string">/DD=1396144800 /DN=1414292400</d><d ID="2015" dt:dt="string">/DD=1427594400 /DN=1445742000</d><d ID="2016" dt:dt="string">/DD=1459044000 /DN=1477796400</d><d ID="2017" dt:dt="string">/DD=1490493600 /DN=1509246000</d><d ID="2018" dt:dt="string">/DD=1521943200 /DN=1540695600</d><d ID="2019" dt:dt="string">/DD=1553997600 /DN=1572145200</d><d ID="2020" dt:dt="string">/DD=1585447200 /DN=1603594800</d><d ID="2021" dt:dt="string">/DD=1616896800 /DN=1635649200</d><d ID="2022" dt:dt="string">/DD=1648346400 /DN=1667098800</d><d ID="2023" dt:dt="string">/DD=1679796000 /DN=1698548400</d><d ID="2024" dt:dt="string">/DD=1711850400 /DN=1729998000</d><d ID="2025" dt:dt="string">/DD=1743300000 /DN=1761447600</d></n><n ID="TIMEOFFSET/215"><d ID="gmt" dt:dt="string">210</d><d ID="2007" dt:dt="string">/DD=1174521600 /DN=1190419200</d><d ID="2008" dt:dt="string">/DD=1206057600 /DN=1221955200</d><d ID="2009" dt:dt="string">/DD=1237680000 /DN=1253577600</d><d ID="2010" dt:dt="string">/DD=1269216000 /DN=1285113600</d><d ID="2011" dt:dt="string">/DD=1300752000 /DN=1316649600</d><d ID="2012" dt:dt="string">/DD=1332288000 /DN=1348185600</d><d ID="2013" dt:dt="string">/DD=1363910400 /DN=1379808000</d><d ID="2014" dt:dt="string">/DD=1395446400 /DN=1411344000</d><d ID="2015" dt:dt="string">/DD=1426982400 /DN=1442880000</d><d ID="2016" dt:dt="string">/DD=1458518400 /DN=1474416000</d><d ID="2017" dt:dt="string">/DD=1490140800 /DN=1506038400</d><d ID="2018" dt:dt="string">/DD=1521676800 /DN=1537574400</d><d ID="2019" dt:dt="string">/DD=1553212800 /DN=1569110400</d><d ID="2020" dt:dt="string">/DD=1584748800 /DN=1600646400</d><d ID="2021" dt:dt="string">/DD=1616371200 /DN=1632268800</d><d ID="2022" dt:dt="string">/DD=1647907200 /DN=1663804800</d><d ID="2023" dt:dt="string">/DD=1679443200 /DN=1695340800</d><d ID="2024" dt:dt="string">/DD=1710979200 /DN=1726876800</d><d ID="2025" dt:dt="string">/DD=1742601600 /DN=1758499200</d></n><n ID="TIMEOFFSET/220"><d ID="gmt" dt:dt="string">240</d></n><n ID="TIMEOFFSET/225"><d ID="gmt" dt:dt="string">240</d><d ID="2007" dt:dt="string">/DD=1174788000 /DN=1193540400</d><d ID="2008" dt:dt="string">/DD=1206842400 /DN=1224990000</d><d ID="2009" dt:dt="string">/DD=1238292000 /DN=1256439600</d><d ID="2010" dt:dt="string">/DD=1269741600 /DN=1288494000</d><d ID="2011" dt:dt="string">/DD=1301191200 /DN=1319943600</d><d ID="2012" dt:dt="string">/DD=1332640800 /DN=1351393200</d><d ID="2013" dt:dt="string">/DD=1364695200 /DN=1382842800</d><d ID="2014" dt:dt="string">/DD=1396144800 /DN=1414292400</d><d ID="2015" dt:dt="string">/DD=1427594400 /DN=1445742000</d><d ID="2016" dt:dt="string">/DD=1459044000 /DN=1477796400</d><d ID="2017" dt:dt="string">/DD=1490493600 /DN=1509246000</d><d ID="2018" dt:dt="string">/DD=1521943200 /DN=1540695600</d><d ID="2019" dt:dt="string">/DD=1553997600 /DN=1572145200</d><d ID="2020" dt:dt="string">/DD=1585447200 /DN=1603594800</d><d ID="2021" dt:dt="string">/DD=1616896800 /DN=1635649200</d><d ID="2022" dt:dt="string">/DD=1648346400 /DN=1667098800</d><d ID="2023" dt:dt="string">/DD=1679796000 /DN=1698548400</d><d ID="2024" dt:dt="string">/DD=1711850400 /DN=1729998000</d><d ID="2025" dt:dt="string">/DD=1743300000 /DN=1761447600</d></n><n ID="TIMEOFFSET/230"><d ID="gmt" dt:dt="string">240</d><d ID="2007" dt:dt="string">/DD=1174795200 /DN=1193547600</d><d ID="2008" dt:dt="string">/DD=1206849600 /DN=1224997200</d><d ID="2009" dt:dt="string">/DD=1238299200 /DN=1256446800</d><d ID="2010" dt:dt="string">/DD=1269748800 /DN=1288501200</d><d ID="2011" dt:dt="string">/DD=1301198400 /DN=1319950800</d><d ID="2012" dt:dt="string">/DD=1332648000 /DN=1351400400</d><d ID="2013" dt:dt="string">/DD=1364702400 /DN=1382850000</d><d ID="2014" dt:dt="string">/DD=1396152000 /DN=1414299600</d><d ID="2015" dt:dt="string">/DD=1427601600 /DN=1445749200</d><d ID="2016" dt:dt="string">/DD=1459051200 /DN=1477803600</d><d ID="2017" dt:dt="string">/DD=1490500800 /DN=1509253200</d><d ID="2018" dt:dt="string">/DD=1521950400 /DN=1540702800</d><d ID="2019" dt:dt="string">/DD=1554004800 /DN=1572152400</d><d ID="2020" dt:dt="string">/DD=1585454400 /DN=1603602000</d><d ID="2021" dt:dt="string">/DD=1616904000 /DN=1635656400</d><d ID="2022" dt:dt="string">/DD=1648353600 /DN=1667106000</d><d ID="2023" dt:dt="string">/DD=1679803200 /DN=1698555600</d><d ID="2024" dt:dt="string">/DD=1711857600 /DN=1730005200</d><d ID="2025" dt:dt="string">/DD=1743307200 /DN=1761454800</d></n><n ID="TIMEOFFSET/235"><d ID="gmt" dt:dt="string">270</d></n><n ID="TIMEOFFSET/240"><d ID="gmt" dt:dt="string">300</d><d ID="2007" dt:dt="string">/DD=1174788000 /DN=1193540400</d><d ID="2008" dt:dt="string">/DD=1206842400 /DN=1224990000</d><d ID="2009" dt:dt="string">/DD=1238292000 /DN=1256439600</d><d ID="2010" dt:dt="string">/DD=1269741600 /DN=1288494000</d><d ID="2011" dt:dt="string">/DD=1301191200 /DN=1319943600</d><d ID="2012" dt:dt="string">/DD=1332640800 /DN=1351393200</d><d ID="2013" dt:dt="string">/DD=1364695200 /DN=1382842800</d><d ID="2014" dt:dt="string">/DD=1396144800 /DN=1414292400</d><d ID="2015" dt:dt="string">/DD=1427594400 /DN=1445742000</d><d ID="2016" dt:dt="string">/DD=1459044000 /DN=1477796400</d><d ID="2017" dt:dt="string">/DD=1490493600 /DN=1509246000</d><d ID="2018" dt:dt="string">/DD=1521943200 /DN=1540695600</d><d ID="2019" dt:dt="string">/DD=1553997600 /DN=1572145200</d><d ID="2020" dt:dt="string">/DD=1585447200 /DN=1603594800</d><d ID="2021" dt:dt="string">/DD=1616896800 /DN=1635649200</d><d ID="2022" dt:dt="string">/DD=1648346400 /DN=1667098800</d><d ID="2023" dt:dt="string">/DD=1679796000 /DN=1698548400</d><d ID="2024" dt:dt="string">/DD=1711850400 /DN=1729998000</d><d ID="2025" dt:dt="string">/DD=1743300000 /DN=1761447600</d></n><n ID="TIMEOFFSET/245"><d ID="gmt" dt:dt="string">300</d></n><n ID="TIMEOFFSET/250"><d ID="gmt" dt:dt="string">330</d></n><n ID="TIMEOFFSET/255"><d ID="gmt" dt:dt="string">345</d></n><n ID="TIMEOFFSET/260"><d ID="gmt" dt:dt="string">360</d></n><n ID="TIMEOFFSET/265"><d ID="gmt" dt:dt="string">360</d><d ID="2007" dt:dt="string">/DD=1174788000 /DN=1193540400</d><d ID="2008" dt:dt="string">/DD=1206842400 /DN=1224990000</d><d ID="2009" dt:dt="string">/DD=1238292000 /DN=1256439600</d><d ID="2010" dt:dt="string">/DD=1269741600 /DN=1288494000</d><d ID="2011" dt:dt="string">/DD=1301191200 /DN=1319943600</d><d ID="2012" dt:dt="string">/DD=1332640800 /DN=1351393200</d><d ID="2013" dt:dt="string">/DD=1364695200 /DN=1382842800</d><d ID="2014" dt:dt="string">/DD=1396144800 /DN=1414292400</d><d ID="2015" dt:dt="string">/DD=1427594400 /DN=1445742000</d><d ID="2016" dt:dt="string">/DD=1459044000 /DN=1477796400</d><d ID="2017" dt:dt="string">/DD=1490493600 /DN=1509246000</d><d ID="2018" dt:dt="string">/DD=1521943200 /DN=1540695600</d><d ID="2019" dt:dt="string">/DD=1553997600 /DN=1572145200</d><d ID="2020" dt:dt="string">/DD=1585447200 /DN=1603594800</d><d ID="2021" dt:dt="string">/DD=1616896800 /DN=1635649200</d><d ID="2022" dt:dt="string">/DD=1648346400 /DN=1667098800</d><d ID="2023" dt:dt="string">/DD=1679796000 /DN=1698548400</d><d ID="2024" dt:dt="string">/DD=1711850400 /DN=1729998000</d><d ID="2025" dt:dt="string">/DD=1743300000 /DN=1761447600</d></n><n ID="TIMEOFFSET/270"><d ID="gmt" dt:dt="string">360</d></n><n ID="TIMEOFFSET/275"><d ID="gmt" dt:dt="string">360</d></n><n ID="TIMEOFFSET/280"><d ID="gmt" dt:dt="string">390</d></n><n ID="TIMEOFFSET/285"><d ID="gmt" dt:dt="string">420</d></n><n ID="TIMEOFFSET/290"><d ID="gmt" dt:dt="string">420</d><d ID="2007" dt:dt="string">/DD=1174788000 /DN=1193540400</d><d ID="2008" dt:dt="string">/DD=1206842400 /DN=1224990000</d><d ID="2009" dt:dt="string">/DD=1238292000 /DN=1256439600</d><d ID="2010" dt:dt="string">/DD=1269741600 /DN=1288494000</d><d ID="2011" dt:dt="string">/DD=1301191200 /DN=1319943600</d><d ID="2012" dt:dt="string">/DD=1332640800 /DN=1351393200</d><d ID="2013" dt:dt="string">/DD=1364695200 /DN=1382842800</d><d ID="2014" dt:dt="string">/DD=1396144800 /DN=1414292400</d><d ID="2015" dt:dt="string">/DD=1427594400 /DN=1445742000</d><d ID="2016" dt:dt="string">/DD=1459044000 /DN=1477796400</d><d ID="2017" dt:dt="string">/DD=1490493600 /DN=1509246000</d><d ID="2018" dt:dt="string">/DD=1521943200 /DN=1540695600</d><d ID="2019" dt:dt="string">/DD=1553997600 /DN=1572145200</d><d ID="2020" dt:dt="string">/DD=1585447200 /DN=1603594800</d><d ID="2021" dt:dt="string">/DD=1616896800 /DN=1635649200</d><d ID="2022" dt:dt="string">/DD=1648346400 /DN=1667098800</d><d ID="2023" dt:dt="string">/DD=1679796000 /DN=1698548400</d><d ID="2024" dt:dt="string">/DD=1711850400 /DN=1729998000</d><d ID="2025" dt:dt="string">/DD=1743300000 /DN=1761447600</d></n><n ID="TIMEOFFSET/295"><d ID="gmt" dt:dt="string">480</d></n><n ID="TIMEOFFSET/300"><d ID="gmt" dt:dt="string">480</d><d ID="2007" dt:dt="string">/DD=1174788000 /DN=1193540400</d><d ID="2008" dt:dt="string">/DD=1206842400 /DN=1224990000</d><d ID="2009" dt:dt="string">/DD=1238292000 /DN=1256439600</d><d ID="2010" dt:dt="string">/DD=1269741600 /DN=1288494000</d><d ID="2011" dt:dt="string">/DD=1301191200 /DN=1319943600</d><d ID="2012" dt:dt="string">/DD=1332640800 /DN=1351393200</d><d ID="2013" dt:dt="string">/DD=1364695200 /DN=1382842800</d><d ID="2014" dt:dt="string">/DD=1396144800 /DN=1414292400</d><d ID="2015" dt:dt="string">/DD=1427594400 /DN=1445742000</d><d ID="2016" dt:dt="string">/DD=1459044000 /DN=1477796400</d><d ID="2017" dt:dt="string">/DD=1490493600 /DN=1509246000</d><d ID="2018" dt:dt="string">/DD=1521943200 /DN=1540695600</d><d ID="2019" dt:dt="string">/DD=1553997600 /DN=1572145200</d><d ID="2020" dt:dt="string">/DD=1585447200 /DN=1603594800</d><d ID="2021" dt:dt="string">/DD=1616896800 /DN=1635649200</d><d ID="2022" dt:dt="string">/DD=1648346400 /DN=1667098800</d><d ID="2023" dt:dt="string">/DD=1679796000 /DN=1698548400</d><d ID="2024" dt:dt="string">/DD=1711850400 /DN=1729998000</d><d ID="2025" dt:dt="string">/DD=1743300000 /DN=1761447600</d></n><n ID="TIMEOFFSET/305"><d ID="gmt" dt:dt="string">480</d><d ID="2007" dt:dt="string">/DD=1193536800 /DN=1174788000</d><d ID="2008" dt:dt="string">/DD=1224986400 /DN=1206842400</d><d ID="2009" dt:dt="string">/DD=1256436000 /DN=1238292000</d><d ID="2010" dt:dt="string">/DD=1288490400 /DN=1269741600</d><d ID="2011" dt:dt="string">/DD=1319940000 /DN=1301191200</d><d ID="2012" dt:dt="string">/DD=1351389600 /DN=1332640800</d><d ID="2013" dt:dt="string">/DD=1382839200 /DN=1364695200</d><d ID="2014" dt:dt="string">/DD=1414288800 /DN=1396144800</d><d ID="2015" dt:dt="string">/DD=1445738400 /DN=1427594400</d><d ID="2016" dt:dt="string">/DD=1477792800 /DN=1459044000</d><d ID="2017" dt:dt="string">/DD=1509242400 /DN=1490493600</d><d ID="2018" dt:dt="string">/DD=1540692000 /DN=1521943200</d><d ID="2019" dt:dt="string">/DD=1572141600 /DN=1553997600</d><d ID="2020" dt:dt="string">/DD=1603591200 /DN=1585447200</d><d ID="2021" dt:dt="string">/DD=1635645600 /DN=1616896800</d><d ID="2022" dt:dt="string">/DD=1667095200 /DN=1648346400</d><d ID="2023" dt:dt="string">/DD=1698544800 /DN=1679796000</d><d ID="2024" dt:dt="string">/DD=1729994400 /DN=1711850400</d><d ID="2025" dt:dt="string">/DD=1761444000 /DN=1743300000</d></n><n ID="TIMEOFFSET/310"><d ID="gmt" dt:dt="string">480</d></n><n ID="TIMEOFFSET/315"><d ID="gmt" dt:dt="string">480</d></n><n ID="TIMEOFFSET/320"><d ID="gmt" dt:dt="string">540</d></n><n ID="TIMEOFFSET/325"><d ID="gmt" dt:dt="string">540</d></n><n ID="TIMEOFFSET/330"><d ID="gmt" dt:dt="string">540</d><d ID="2007" dt:dt="string">/DD=1174788000 /DN=1193540400</d><d ID="2008" dt:dt="string">/DD=1206842400 /DN=1224990000</d><d ID="2009" dt:dt="string">/DD=1238292000 /DN=1256439600</d><d ID="2010" dt:dt="string">/DD=1269741600 /DN=1288494000</d><d ID="2011" dt:dt="string">/DD=1301191200 /DN=1319943600</d><d ID="2012" dt:dt="string">/DD=1332640800 /DN=1351393200</d><d ID="2013" dt:dt="string">/DD=1364695200 /DN=1382842800</d><d ID="2014" dt:dt="string">/DD=1396144800 /DN=1414292400</d><d ID="2015" dt:dt="string">/DD=1427594400 /DN=1445742000</d><d ID="2016" dt:dt="string">/DD=1459044000 /DN=1477796400</d><d ID="2017" dt:dt="string">/DD=1490493600 /DN=1509246000</d><d ID="2018" dt:dt="string">/DD=1521943200 /DN=1540695600</d><d ID="2019" dt:dt="string">/DD=1553997600 /DN=1572145200</d><d ID="2020" dt:dt="string">/DD=1585447200 /DN=1603594800</d><d ID="2021" dt:dt="string">/DD=1616896800 /DN=1635649200</d><d ID="2022" dt:dt="string">/DD=1648346400 /DN=1667098800</d><d ID="2023" dt:dt="string">/DD=1679796000 /DN=1698548400</d><d ID="2024" dt:dt="string">/DD=1711850400 /DN=1729998000</d><d ID="2025" dt:dt="string">/DD=1743300000 /DN=1761447600</d></n><n ID="TIMEOFFSET/335"><d ID="gmt" dt:dt="string">570</d><d ID="2007" dt:dt="string">/DD=1193536800 /DN=1174791600</d><d ID="2008" dt:dt="string">/DD=1224986400 /DN=1206846000</d><d ID="2009" dt:dt="string">/DD=1256436000 /DN=1238295600</d><d ID="2010" dt:dt="string">/DD=1288490400 /DN=1269745200</d><d ID="2011" dt:dt="string">/DD=1319940000 /DN=1301194800</d><d ID="2012" dt:dt="string">/DD=1351389600 /DN=1332644400</d><d ID="2013" dt:dt="string">/DD=1382839200 /DN=1364698800</d><d ID="2014" dt:dt="string">/DD=1414288800 /DN=1396148400</d><d ID="2015" dt:dt="string">/DD=1445738400 /DN=1427598000</d><d ID="2016" dt:dt="string">/DD=1477792800 /DN=1459047600</d><d ID="2017" dt:dt="string">/DD=1509242400 /DN=1490497200</d><d ID="2018" dt:dt="string">/DD=1540692000 /DN=1521946800</d><d ID="2019" dt:dt="string">/DD=1572141600 /DN=1554001200</d><d ID="2020" dt:dt="string">/DD=1603591200 /DN=1585450800</d><d ID="2021" dt:dt="string">/DD=1635645600 /DN=1616900400</d><d ID="2022" dt:dt="string">/DD=1667095200 /DN=1648350000</d><d ID="2023" dt:dt="string">/DD=1698544800 /DN=1679799600</d><d ID="2024" dt:dt="string">/DD=1729994400 /DN=1711854000</d><d ID="2025" dt:dt="string">/DD=1761444000 /DN=1743303600</d></n><n ID="TIMEOFFSET/340"><d ID="gmt" dt:dt="string">600</d><d ID="2007" dt:dt="string">/DD=1174788000 /DN=1193540400</d><d ID="2008" dt:dt="string">/DD=1206842400 /DN=1224990000</d><d ID="2009" dt:dt="string">/DD=1238292000 /DN=1256439600</d><d ID="2010" dt:dt="string">/DD=1269741600 /DN=1288494000</d><d ID="2011" dt:dt="string">/DD=1301191200 /DN=1319943600</d><d ID="2012" dt:dt="string">/DD=1332640800 /DN=1351393200</d><d ID="2013" dt:dt="string">/DD=1364695200 /DN=1382842800</d><d ID="2014" dt:dt="string">/DD=1396144800 /DN=1414292400</d><d ID="2015" dt:dt="string">/DD=1427594400 /DN=1445742000</d><d ID="2016" dt:dt="string">/DD=1459044000 /DN=1477796400</d><d ID="2017" dt:dt="string">/DD=1490493600 /DN=1509246000</d><d ID="2018" dt:dt="string">/DD=1521943200 /DN=1540695600</d><d ID="2019" dt:dt="string">/DD=1553997600 /DN=1572145200</d><d ID="2020" dt:dt="string">/DD=1585447200 /DN=1603594800</d><d ID="2021" dt:dt="string">/DD=1616896800 /DN=1635649200</d><d ID="2022" dt:dt="string">/DD=1648346400 /DN=1667098800</d><d ID="2023" dt:dt="string">/DD=1679796000 /DN=1698548400</d><d ID="2024" dt:dt="string">/DD=1711850400 /DN=1729998000</d><d ID="2025" dt:dt="string">/DD=1743300000 /DN=1761447600</d></n><n ID="TIMEOFFSET/345"><d ID="gmt" dt:dt="string">600</d></n><n ID="TIMEOFFSET/350"><d ID="gmt" dt:dt="string">600</d><d ID="2007" dt:dt="string">/DD=1193536800 /DN=1174791600</d><d ID="2008" dt:dt="string">/DD=1224986400 /DN=1206846000</d><d ID="2009" dt:dt="string">/DD=1254621600 /DN=1238295600</d><d ID="2010" dt:dt="string">/DD=1286071200 /DN=1267930800</d><d ID="2011" dt:dt="string">/DD=1317520800 /DN=1299380400</d><d ID="2012" dt:dt="string">/DD=1349575200 /DN=1330830000</d><d ID="2013" dt:dt="string">/DD=1381024800 /DN=1362279600</d><d ID="2014" dt:dt="string">/DD=1412474400 /DN=1393729200</d><d ID="2015" dt:dt="string">/DD=1443924000 /DN=1425178800</d><d ID="2016" dt:dt="string">/DD=1475373600 /DN=1457233200</d><d ID="2017" dt:dt="string">/DD=1506823200 /DN=1488682800</d><d ID="2018" dt:dt="string">/DD=1538877600 /DN=1520132400</d><d ID="2019" dt:dt="string">/DD=1570327200 /DN=1551582000</d><d ID="2020" dt:dt="string">/DD=1601776800 /DN=1583031600</d><d ID="2021" dt:dt="string">/DD=1633226400 /DN=1615086000</d><d ID="2022" dt:dt="string">/DD=1664676000 /DN=1646535600</d><d ID="2023" dt:dt="string">/DD=1696125600 /DN=1677985200</d><d ID="2024" dt:dt="string">/DD=1728180000 /DN=1709434800</d><d ID="2025" dt:dt="string">/DD=1759629600 /DN=1740884400</d></n><n ID="TIMEOFFSET/355"><d ID="gmt" dt:dt="string">600</d></n><n ID="TIMEOFFSET/360"><d ID="gmt" dt:dt="string">600</d><d ID="2007" dt:dt="string">/DD=1191722400 /DN=1174791600</d><d ID="2008" dt:dt="string">/DD=1223172000 /DN=1206846000</d><d ID="2009" dt:dt="string">/DD=1254621600 /DN=1238295600</d><d ID="2010" dt:dt="string">/DD=1286071200 /DN=1269745200</d><d ID="2011" dt:dt="string">/DD=1317520800 /DN=1301194800</d><d ID="2012" dt:dt="string">/DD=1349575200 /DN=1332644400</d><d ID="2013" dt:dt="string">/DD=1381024800 /DN=1364698800</d><d ID="2014" dt:dt="string">/DD=1412474400 /DN=1396148400</d><d ID="2015" dt:dt="string">/DD=1443924000 /DN=1427598000</d><d ID="2016" dt:dt="string">/DD=1475373600 /DN=1459047600</d><d ID="2017" dt:dt="string">/DD=1506823200 /DN=1490497200</d><d ID="2018" dt:dt="string">/DD=1538877600 /DN=1521946800</d><d ID="2019" dt:dt="string">/DD=1570327200 /DN=1554001200</d><d ID="2020" dt:dt="string">/DD=1601776800 /DN=1585450800</d><d ID="2021" dt:dt="string">/DD=1633226400 /DN=1616900400</d><d ID="2022" dt:dt="string">/DD=1664676000 /DN=1648350000</d><d ID="2023" dt:dt="string">/DD=1696125600 /DN=1679799600</d><d ID="2024" dt:dt="string">/DD=1728180000 /DN=1711854000</d><d ID="2025" dt:dt="string">/DD=1759629600 /DN=1743303600</d></n><n ID="TIMEOFFSET/365"><d ID="gmt" dt:dt="string">660</d><d ID="2007" dt:dt="string">/DD=1174788000 /DN=1193540400</d><d ID="2008" dt:dt="string">/DD=1206842400 /DN=1224990000</d><d ID="2009" dt:dt="string">/DD=1238292000 /DN=1256439600</d><d ID="2010" dt:dt="string">/DD=1269741600 /DN=1288494000</d><d ID="2011" dt:dt="string">/DD=1301191200 /DN=1319943600</d><d ID="2012" dt:dt="string">/DD=1332640800 /DN=1351393200</d><d ID="2013" dt:dt="string">/DD=1364695200 /DN=1382842800</d><d ID="2014" dt:dt="string">/DD=1396144800 /DN=1414292400</d><d ID="2015" dt:dt="string">/DD=1427594400 /DN=1445742000</d><d ID="2016" dt:dt="string">/DD=1459044000 /DN=1477796400</d><d ID="2017" dt:dt="string">/DD=1490493600 /DN=1509246000</d><d ID="2018" dt:dt="string">/DD=1521943200 /DN=1540695600</d><d ID="2019" dt:dt="string">/DD=1553997600 /DN=1572145200</d><d ID="2020" dt:dt="string">/DD=1585447200 /DN=1603594800</d><d ID="2021" dt:dt="string">/DD=1616896800 /DN=1635649200</d><d ID="2022" dt:dt="string">/DD=1648346400 /DN=1667098800</d><d ID="2023" dt:dt="string">/DD=1679796000 /DN=1698548400</d><d ID="2024" dt:dt="string">/DD=1711850400 /DN=1729998000</d><d ID="2025" dt:dt="string">/DD=1743300000 /DN=1761447600</d></n><n ID="TIMEOFFSET/370"><d ID="gmt" dt:dt="string">720</d><d ID="2007" dt:dt="string">/DD=1191722400 /DN=1174186800</d><d ID="2008" dt:dt="string">/DD=1223172000 /DN=1205636400</d><d ID="2009" dt:dt="string">/DD=1254621600 /DN=1237086000</d><d ID="2010" dt:dt="string">/DD=1286071200 /DN=1269140400</d><d ID="2011" dt:dt="string">/DD=1317520800 /DN=1300590000</d><d ID="2012" dt:dt="string">/DD=1349575200 /DN=1332039600</d><d ID="2013" dt:dt="string">/DD=1381024800 /DN=1363489200</d><d ID="2014" dt:dt="string">/DD=1412474400 /DN=1394938800</d><d ID="2015" dt:dt="string">/DD=1443924000 /DN=1426388400</d><d ID="2016" dt:dt="string">/DD=1475373600 /DN=1458442800</d><d ID="2017" dt:dt="string">/DD=1506823200 /DN=1489892400</d><d ID="2018" dt:dt="string">/DD=1538877600 /DN=1521342000</d><d ID="2019" dt:dt="string">/DD=1570327200 /DN=1552791600</d><d ID="2020" dt:dt="string">/DD=1601776800 /DN=1584241200</d><d ID="2021" dt:dt="string">/DD=1633226400 /DN=1616295600</d><d ID="2022" dt:dt="string">/DD=1664676000 /DN=1647745200</d><d ID="2023" dt:dt="string">/DD=1696125600 /DN=1679194800</d><d ID="2024" dt:dt="string">/DD=1728180000 /DN=1710644400</d><d ID="2025" dt:dt="string">/DD=1759629600 /DN=1742094000</d></n><n ID="TIMEOFFSET/375"><d ID="gmt" dt:dt="string">720</d></n><n ID="TIMEOFFSET/380"><d ID="gmt" dt:dt="string">780</d></n></n><n ID="ETHERNET"><d ID="DomainName" dt:dt="string">WORKGROUP</d><d ID="DefaultUserName" dt:dt="string">guest</d><d ID="DefaultPassword" dt:dt="string">password</d><d ID="isWorkgroup" dt:dt="ui4">1</d></n><n ID="IOIMG"><d ID="MemSize" dt:dt="ui4">262140</d></n></tree>
